Zipcode,Violent Crime,Property Crime
98327,17.6,23.6
77079,42.4,54
15921,21.2,25.5
77573,14.2,21.2
10030,64.3,67.2
98366,33.1,47.3
98058,18.2,27
50624,12.8,16.1
98512,23.6,34.6
51104,16,57.6
15212,57,63.2
51546,16.7,20.3
12513,23.2,28.4
11215,28.7,21.8
50025,21.1,26.5
10065,27.3,34.9
80221,38.2,46.2
14218,52.2,57.9
12740,23.9,29.8
10950,25.1,31.4
14221,17.5,24.1
98407,42.6,85.3
50448,24.2,27.3
51444,17.9,21.5
14111,23.3,28.5
75149,43.7,53.3
52307,50.2,54.4
11964,17.8,24.6
78373,29.8,49.1
50438,14.4,19
76039,33.2,43.2
10306,17,15.7
15010,33,42.3
79424,37.5,54.4
10036,49.9,58.2
31827,43.8,48.5
75904,41.2,52.1
50138,27.5,34.1
99403,32.4,49.5
78230,41.6,74.9
50801,31.2,36.7
12051,34.9,40.9
79935,33,41
92067,12.2,17.2
14750,24.4,30.7
11729,23.5,30.1
10507,35.8,41.1
98303,11.4,18.5
11731,17.3,21.9
99006,20.8,30
77034,61.7,71.8
75219,47.7,61
13324,27.7,32.8
13830,25.3,31.1
98225,38.2,53.6
78217,55.1,80.1
50324,22.1,34.4
75454,11.1,16.2
78748,22.8,54.6
76051,26,35
14755,30.4,36.1
51357,21.9,25.4
13620,26.5,32.1
98848,36.1,47.8
10465,49.5,33.9
77469,26.8,30.9
98936,23.6,27.1
11204,39.5,34.7
80211,42,59.5
12138,21.5,26.7
12077,14,20.2
92139,31.3,38
31027,55,61.3
11763,46.5,52
98466,34.3,42.8
13662,34.3,44.4
98240,12.7,19.1
51239,13.6,16.7
11550,59.5,63.7
75644,36.1,40.4
79107,58.9,75.1
26615,33.3,30.7
76522,31.2,39.7
79512,32.5,39.5
75212,70.2,75.4
75078,4.2,9.2
92123,25.9,34.9
78163,6.1,12.1
10520,22.1,28.7
77008,46.4,59.6
77879,32.6,44
77511,28.8,36.7
52218,19,22.1
98273,32.8,45.5
98626,35.4,49.4
98033,15.4,25.5
14757,24.9,31.1
95136,23.3,36.1
11575,42.9,47.6
10310,28.4,27.6
78133,23.3,30.5
52737,22.9,25
51510,36.6,43.9
22602,18.3,23.6
17840,30.2,30.9
10576,4.2,9
98052,16.6,28.1
10969,14,17.8
14904,44.7,54.5
50207,16.2,19.7
98902,48.1,59.5
10801,40.9,47.3
76262,11.6,16.4
11428,20.5,16.4
77064,52.6,65.2
51034,25,28.3
14219,38,45.9
10454,72.3,64.1
14214,71.5,75.2
52241,27.2,37.9
41317,32.8,45.6
98136,27.2,64.8
13408,19.9,25.3
79109,34.7,63.1
95120,14.9,20.4
24201,41.5,48.8
12561,23.5,29.4
92154,32.9,39.2
50003,14.2,20.3
15714,27.5,31.6
92026,32,38
52804,39.4,65.3
50544,20.9,24
12538,19.9,24.4
50322,22.2,27.9
13695,5,3.6
76028,18.4,25.6
14206,71.1,73.9
14569,35.8,42.7
77382,12.4,24.8
95112,43.3,54
10025,39.6,47.8
75050,44.4,51.9
78213,52.9,79
77055,61.7,71.8
11955,52.7,59
76226,2,6.8
11738,35.2,38.9
50273,21.6,27
98445,28.9,39.3
79705,26.3,33.5
13340,27.1,31.3
76077,25.6,30.3
75501,51.8,60.7
79707,21.5,29.6
11510,26.1,30.9
77459,10.1,14.9
76853,21,27.6
98418,58.2,88.1
50311,53,70.7
75189,14.3,18
98467,34,42.5
98074,5,4.9
50310,39.8,62.6
12758,33.6,40.5
14031,14.7,20.1
78840,34.3,42.2
98204,47.6,63.6
98106,44.7,80.9
98530,43.9,51.6
12601,53.5,56
50701,35.2,40.1
11950,46.9,52.1
28333,53.3,63
52310,22,24.2
98372,29.1,48.2
16411,37.2,41.7
98387,27,36.9
12206,71,75.4
98596,27,37.5
76209,33.9,50.9
78612,26.6,33
92106,21.5,28.1
11379,21.5,17.3
18507,28.8,37
77562,31.5,37.8
99004,27.5,35.9
98365,15.5,22.1
75092,30.4,39.4
13040,27.4,32.9
99156,28.5,45.8
12502,20.9,26.4
98026,18.3,27.5
10954,18.2,24.7
75686,35.3,40.5
50258,14.5,18
11704,24.5,31.8
13045,31.2,38.7
80216,60.3,71.6
10014,33,42.5
12572,19.6,26.1
92120,20.4,26.3
80238,21.6,34.9
13338,28.3,33.8
76036,21.8,28.7
52349,20.9,24.1
92009,14.7,21
11703,22.1,28.3
14607,69.5,75.7
12850,18.6,24.1
75125,29,34.8
98001,23,31.7
77836,27.5,29.6
13411,26,30.8
14043,28.1,37.8
98550,36.5,47.8
12590,21.4,27.6
12061,16.4,24.3
13901,39.3,45.6
12520,14.6,19.1
98506,31.1,43.3
13731,24.6,30.5
75229,32.4,44.1
51331,32,36.6
23116,9.4,15.8
52235,30.8,35.4
75024,11.8,27
98178,37.6,48.3
98270,25.2,36.2
50171,16.4,20.3
98105,34.1,78.3
12308,48.9,54.1
27870,50.8,64.8
98029,13.6,24.6
15827,21.8,26.2
92029,19,24.5
76117,42.5,50.5
99336,44.9,54
77554,24.6,34.3
77705,66.5,74.6
14624,19.9,25.5
13810,26.3,31.4
52101,14.3,20.4
12549,19.3,23.5
13206,56.5,66.3
78253,26.6,50.6
14127,14.2,19.8
98528,30.1,39.9
76010,61.7,71.9
77007,45.1,58.6
98665,28.9,39.3
98236,14.9,22.1
13209,29.6,38
75494,36.3,40.2
99009,17,52.7
98290,18.2,30.1
50211,13.3,18.6
78124,16.9,22.8
10075,26.4,33.4
98823,26.5,40.8
10017,28.7,37.8
75705,28.5,42.3
52645,22.1,25.3
52627,34.5,39
79903,49.5,54.5
80204,62.4,73.3
50613,21.4,28.5
98686,16.9,26
50035,9.8,14.5
52651,24.4,27.4
12060,18,23.4
52730,25.2,29
92071,23.6,29.8
98684,19.6,46.3
16415,10.5,15.3
99003,14.2,40.7
78052,26.5,41.2
99223,26.1,87.3
13495,35,40.2
76542,32.9,39.8
75835,49.7,55.5
12015,28.1,34.5
98034,18.5,28.6
11214,40.5,36.3
99323,17.2,24.9
13775,19.8,25.1
10518,4,6.1
11417,24.7,20.5
52329,8.5,12
99218,32.2,42.2
52336,18.4,21.4
10562,29.7,34.9
50235,21.3,24.5
50665,18.1,21.7
11229,33.9,28.4
13036,25.7,31.3
98611,18.4,26
98926,29.9,40.9
52224,9.4,12.9
23222,64.4,78
75068,17.3,21.4
99206,28,43.6
76705,55.8,62.5
13501,58.9,65.5
77521,35.7,45.4
98354,29.4,41
77389,12.1,23.7
98335,15.8,24.1
78244,41.9,74.3
78758,47.7,69.7
95134,22.6,33.4
77807,35,41.8
78415,50.4,66
10009,63.3,67
10543,24.8,30.6
12786,10,24.3
11701,30.5,38.7
50263,11.6,17.1
10040,64.4,67.3
78606,23.9,30.1
98117,24.9,58.4
98524,18,25.1
51503,26.1,42.4
11782,16,22
98541,30.1,42.3
76904,23.7,35.6
26039,18.7,19.7
75228,58,67.2
79701,40.3,46.7
75152,24.1,29.1
75087,11.6,18.5
98422,34,66.2
15012,24.4,34.1
12154,24.9,30.2
50459,26,29.1
13841,31,36.2
80219,51.3,64.9
15601,10.9,20.5
76692,25.6,35.1
51555,25.4,32.4
98244,27.1,35.2
16634,23.9,28.6
77015,48,56.4
11106,45.1,46
98112,28.8,70.2
11553,37.5,42.9
12732,27.4,33.7
98333,11.6,19.1
52227,9.1,12.3
52535,18.8,21.5
21108,13.5,18.8
78642,12,17.9
14420,28.3,35.1
12542,23.6,29
76426,34.2,37.2
17315,17.7,22.7
98802,25.7,35.4
78240,47.5,77.5
75051,49.7,56.4
98409,61.5,89
52240,34.8,42.3
98057,54.9,71.2
50029,21.7,25
50671,23.1,26.3
52750,4.9,7.6
10466,68.7,60.4
98841,35.6,49.4
80239,46.2,61.3
92014,19.8,25.7
20715,12.6,17.5
78237,67.1,83.5
75032,13.7,20.1
95125,21.7,31.7
78734,11,16.3
78654,31.5,43.2
11971,17.3,23.6
13037,19.1,24.9
75862,37.8,43.2
76021,29.6,36.4
50134,11.1,15.4
99224,24.9,82.5
79927,44.9,47.8
52757,30,32.6
77304,29.1,38
98516,17,26.7
98146,38.7,49.4
98012,15.7,23.8
98295,24.9,31.5
75067,38.6,47.2
20024,67.7,74.2
10983,11,14.7
50588,36.8,42.2
11758,28.7,31.4
50854,23.8,27.4
52322,9,12
56744,19,24.1
80206,32.6,53.8
95122,39.7,49
11565,22,25.5
13104,13.6,19.7
10598,9.1,13.1
77045,62.6,71.4
11385,39.1,38.5
10918,13.3,18.8
75074,19.6,35.7
78254,30.7,59
78210,63.4,82.6
14094,30.7,38.1
77358,31.5,38.5
92024,20.1,25.9
75135,22.6,25.8
12858,20.4,26.6
98908,27.1,38.7
10591,7.6,24.1
75752,23.4,32.1
14204,78.8,80.8
50130,11.3,15.1
52803,46.1,69.2
77657,20.7,25.8
11201,32.7,28.5
11963,11.1,23.7
51041,9.5,14.5
11414,22.7,18
17850,40.6,44.8
75601,45.2,53.8
75840,32.5,36.9
75070,14.4,21.1
11780,12.9,16.9
50548,24.3,29.4
50511,20,23
76571,11,16.7
10708,16.7,15.1
52806,38.8,65.1
75169,32,37.3
12046,18.8,22.1
14211,78.1,80.2
27523,14.7,20.6
14814,12.8,18.2
14222,61.5,67.4
75215,70.4,76.2
98444,53.4,64.5
14456,35.4,43.5
98520,43.8,55.1
80220,32.2,52.6
52772,14.8,19.2
98502,34.1,46.3
31052,21.4,44.9
78418,37,58
52632,41.8,49.4
78414,29.1,47
78028,30.8,38.9
98002,44.2,58.5
50428,24.2,31.6
99212,29.9,44.8
75061,42.1,59.7
11942,10.1,20.5
30833,62.7,70.7
77023,68.6,76.3
52003,15.1,23.5
98296,9.7,17.2
12530,33.9,40.8
21014,17.1,22.6
76442,32.6,40.1
76034,5,2
99217,34.8,95.3
80237,30.7,52.5
12860,37.5,43.5
13656,25.1,29.6
52577,30.7,37.1
51030,5.9,9.2
77578,10.6,16
10022,24.7,31.3
14020,34,43.2
76065,11.1,17.1
17080,24.2,27.8
98006,10.1,20.6
50323,5,5.1
50848,12.4,15.9
50325,13.6,20.4
50312,34.1,56.9
11225,64.8,61.3
11003,30.2,36
77586,22,28.3
99353,13.5,17.9
98942,22,28.3
51360,18.3,27.3
77584,13.3,20.1
16223,35,39.9
80210,27.2,45.8
98903,33.5,51.8
20860,20,26.5
50327,16.2,23.4
92117,25.2,33.2
98003,43.6,58.8
11968,10.7,22.6
13619,35.8,43.3
98007,29.5,42.2
78681,14.1,21.8
80214,54,77.6
11783,20.7,24.1
95117,33.4,45.8
12533,9.2,12.4
14052,17.3,23
50563,24.7,28.5
11415,28.9,28
75126,12.4,17.8
98223,19,33.7
98557,21.4,25.5
98133,36.6,78.7
50651,16.4,19.9
11354,39.5,37.6
77362,18,23.8
51105,50.4,73.6
14215,77,79.2
77650,33.2,40.2
16823,22.2,26.6
76444,33.1,35.5
75114,21.9,27.3
98834,30.2,38.6
12946,29,36.4
77707,51.1,64
79902,44.9,52.1
22627,21.9,28.1
51529,20.9,24.9
77474,31.2,35.5
11787,11.1,15.2
52748,17.1,20.8
52214,16.3,19.5
13126,32.1,40.8
50158,33,38.8
50536,17.2,20.5
98092,24.2,38.1
11205,61.7,60.3
11433,56.2,54.5
11358,21.5,14
12901,36.4,43.5
98370,17.2,26.9
10992,14.8,18.9
10550,63.6,64.8
78255,25,46.7
79932,23.7,31.7
10537,19.9,25.5
50201,25.5,30
50682,16.1,19.4
13613,30.7,35.9
95138,17.5,24.6
11001,23.8,28.2
75080,28.2,36.7
11733,30.1,33
76063,15.3,21
78750,22.6,50.2
10704,22.4,21.6
52585,12.5,16.2
11024,16.6,21
77493,18.6,29
50112,32.9,37.5
78238,51.7,78.7
78227,58.1,80.6
10016,34.7,44.1
11767,10.6,14.6
11422,31.2,27.7
92107,30.8,40.1
12814,23.2,28.1
80202,36.4,57.2
18201,51.3,55.3
52052,21.5,25.5
10606,34,42
14613,73.8,79
52245,24.1,31.4
95131,21.6,31.6
92110,30,38.9
12037,24.6,31.1
23418,35.8,43.8
10467,71.6,63.2
78382,29.1,43.1
75409,22.2,27.4
77021,74.3,80.2
55705,26.8,33.2
52246,29.5,37.7
10956,9.3,15.1
17020,22,27.7
76002,25.8,40.5
12198,12.8,18.7
12054,14.1,20.4
76210,11.5,27.5
98621,21.5,27.4
78631,20.1,25.9
99207,54.6,95.2
79065,35.6,43.4
15208,62.9,68.1
52732,38.7,45.8
11727,45.2,51.1
33020,55.9,65.7
11717,57.6,63.2
52353,32,33.7
14840,20.5,26.6
15038,22.2,26.7
98032,44.5,59.4
77471,43,47.4
12566,20,24.2
52653,19.7,22.8
13208,68.1,74.7
50315,47.9,67.3
78239,38.6,73
77074,67.4,76.1
12035,34,38.6
76120,55.1,70.6
52356,17.1,20.7
12175,32.1,37.4
14850,32.1,42.1
52639,26.9,30.4
19118,48.1,45.5
11226,65.5,62
10028,27,34.2
92130,18.6,24
14737,27.9,33
78155,34.9,44.1
98363,36,46.4
11772,48.4,54.2
98391,14.9,23.7
75119,35.3,43
92025,42.9,49.2
11770,61.4,67.7
11977,10.5,21.6
50216,16.5,20.6
78665,14.3,22.3
77019,49.1,63.4
52253,16.1,19.2
78954,21.1,26.5
50316,54.5,71.1
11746,19.2,24.4
98199,26,62
98248,22.1,30.5
11951,52,57
99301,33.6,39.2
80231,46.8,63.7
98155,21.3,30.7
12442,38.7,43.9
20814,20.4,26.7
52002,16.9,25.9
98592,11.1,18.3
52041,17.3,19.9
26421,46.1,49.1
10596,28.8,35.2
76227,12.5,18.4
52405,18.7,50
77445,44.7,46.6
76112,55.1,70.1
78130,28.8,37.2
10523,11.7,27.4
52556,27.2,37.8
92113,63.4,66.5
12972,14.7,20.4
99362,31.9,42.8
12122,34,40
80205,53.5,67.6
99159,24,28.6
14202,75.3,79.1
11365,26.3,23.6
75034,12.9,19.8
98045,12.7,24.1
40206,52.7,88.5
79938,19,27.2
14620,62,71.6
98203,33.9,48.6
99349,41.7,46.3
78233,40.4,74.1
10925,23.7,28.1
11561,28.2,33.7
15615,18.3,23.3
92008,29.9,37.5
52776,21.1,25.8
4097,10.6,16
10011,35.1,43.7
75845,35.9,42.4
75002,14,19.4
98284,27.2,40.7
11373,39.8,38.8
75110,44.4,51.2
77328,35.8,47.7
75457,26.7,33.6
50038,52.4,52.1
14801,30.6,34.8
78132,10.1,17.8
92105,56.3,61.4
77489,33.4,38.1
80236,39.4,57
21201,85.9,80.4
14612,24.9,33.1
77871,28.9,34.3
10312,15.2,13.9
78624,22.9,29.8
98239,16.2,22.2
15536,19.6,24
77581,16.5,23.1
78640,25.3,30
11747,17.1,21.7
99338,8.2,16.1
12203,45.1,55.6
95135,17,23.8
10549,19,23.2
52318,25.1,27.9
98856,28.8,38.4
12401,42.7,49.1
80110,37.4,53.7
51103,48,72.1
77098,47.9,63.3
98109,34,78.5
98629,9.1,15.2
52332,16.8,20.2
17865,31.1,35.1
92114,31.9,37.9
98683,20.2,46.8
11778,37.7,42.1
12983,31.6,38.5
77515,33.7,40.3
78539,36.1,48.6
13136,30.8,36.3
75931,26.9,32.3
11235,37.6,33
76078,18.8,23.9
51038,9.7,12.5
50247,13.3,17
13357,34.3,41.3
76018,30.4,49.2
52162,37.1,40.8
77379,35,43.6
10533,7,16.1
76134,46.9,64.4
10463,61.7,51.9
52146,15.9,19.9
50627,29.5,30.9
11706,51.4,58.5
98023,25.7,40.4
11793,20.8,24.2
50638,17.7,20.8
10452,71.8,63.4
75901,38.8,49.2
92091,11.9,17.1
98801,31.6,41.5
12303,27.3,34.6
98237,36.1,45.1
26750,59.1,61.9
78252,44.3,74.7
52172,18.5,22.2
12496,26.3,31.8
79924,37.9,44.5
15340,14,19.3
52040,15.8,21.1
75771,23.4,31.1
13204,70.6,76.4
80207,34.5,53.5
76006,52.1,66.9
12302,21.3,29.9
98220,53,62.3
12787,14.2,21.9
80235,39.3,57.8
75077,13.3,20.2
76272,24,26.4
77006,52.6,66.6
50020,25.9,29.7
98332,12.1,19.9
78745,37.5,63.4
52403,18.5,49.2
11764,31.8,34.9
14819,41.1,45.1
11212,65.8,62.4
12443,12.5,17.8
12790,16,31.5
10580,5.9,10.2
75460,53.4,62.2
98020,17.3,26.5
77049,33.4,40.7
14821,19.9,24.7
78401,70.3,78.9
11103,40.3,41.4
76248,10,14.2
15062,43.6,45.8
11030,15,18.9
12603,19.1,29.2
98103,29.1,76.7
76137,24.3,50.6
18830,22.7,27.7
79782,27.7,32.4
12503,28.4,34.1
14546,28.8,35.2
75156,30.1,38.8
15857,24,30
13743,15.7,21
98662,28.5,38.1
16601,35.7,40.4
78757,25.9,56.5
98595,43.7,57.9
50070,12.5,15.7
14775,20.2,24.8
75407,27.8,32.3
80249,28.6,46.7
12033,17.6,22.2
98375,20.5,29.9
77414,42.2,52.3
13760,30.6,37.3
78374,21.2,32.2
13131,23.6,28
75043,33.5,43.4
75019,11.6,18.1
10462,68,60.9
12075,22.5,28.7
50662,36.2,40.4
52501,33.3,44.9
50703,56.6,60.7
13210,51.5,61.8
78613,17,22.8
78552,32.6,42
92126,21.6,28.3
98059,17.1,31
92102,55.8,61.5
98591,18,23.8
99208,26,95.3
10003,27.2,37.1
98260,16,30.6
19044,18.8,24.2
14213,77.8,80
11360,20.1,16.3
13053,22.2,28.4
11720,40.1,44.3
77566,21.2,27.9
12405,19.1,24.5
98661,38.1,58.8
77354,20.2,26.3
98424,45.2,59.3
76627,16.3,21.4
75252,42.2,56.5
78102,46.4,54.6
32208,64.5,73.8
50124,12.8,17.8
78247,33.8,65.8
14506,5,5.2
12831,15.8,22
52068,6,9
92104,41.8,50.1
50023,15.4,20.9
52358,14.6,15.6
95132,21.1,30.4
50111,12.2,18
14086,13.5,18.7
12721,10.2,24.7
75042,47.3,56.4
11412,34.7,30.3
11004,19.3,15.6
78731,22.5,50.5
77571,22.8,28.5
77360,38.5,39.9
99203,23.2,75.8
15730,8.7,15.5
78245,37.1,72.5
12420,12.1,28.9
12720,10.5,24.2
11726,31.1,38.5
50118,13.4,15.8
98011,21.1,30.9
98843,10.4,27.9
12208,47,57.1
11374,31.5,30.5
52531,26.2,31.7
10994,6.8,12.3
10805,39.1,46.1
10309,14.8,13.6
12444,21.1,27.4
98580,24.4,30.9
12734,18.8,26.1
77327,46.6,58.7
19522,19,24.8
76450,25.7,31.4
98537,21.1,28.8
11209,34.8,30.4
14223,21.4,27.6
75243,63.7,72.7
14728,15.4,21.7
98368,28.4,35.9
12865,23.9,28.6
76462,18.6,23.7
51501,41.6,57.8
92010,20.5,26.5
13219,24.8,32.8
11934,33.1,36.5
98039,5,7.7
14513,39.8,47
78638,29.9,35.5
92111,32.6,40.1
12546,30.5,36.6
11743,17.7,22.5
76208,11.4,33.8
98501,29.5,41.8
77541,42.6,49.3
14092,18.7,24.1
10509,16.5,22.6
14150,28.9,35.5
14701,47.1,53.4
14125,20.7,25.8
51301,27,35
12523,35.2,41.1
75234,31.6,40.5
52340,24.4,28.7
13118,31.7,38
98277,26,33.2
10964,18.7,23.2
10553,50.2,51.9
50014,29.6,38.7
13669,36.8,46.5
75757,16.4,21.7
80232,32.6,63.6
77523,12.8,20.8
75058,19.2,25
51601,24.1,29.3
76244,19.2,35.9
98118,42.8,80.1
52721,10.7,13.7
12543,34.5,38.2
52317,20.8,24.1
11691,61.9,60.7
25108,30.4,52.1
50109,7.1,10.2
75035,8.7,15.1
76302,43.1,63.3
75040,30.5,39.2
78717,19.2,42.2
19406,19.2,32.5
75093,11.2,24.5
50401,32,43.5
95133,26.8,38.6
52728,24.1,26.5
52151,18.7,22.9
98604,15.3,22.2
75069,37,44
77351,38.1,44.6
10029,63.9,66.9
11801,29.7,32.7
91945,41.8,44.4
12205,26.3,35.2
12025,21.8,27.7
23314,16.4,23.7
50515,40.7,44.5
28371,39.1,52.3
76255,34.2,36.7
78154,21.3,27.7
13312,16.3,22.9
52001,34.8,44
52544,33.4,44.2
51632,30.1,37.4
98275,16.2,25.5
11566,20.3,23.5
13203,70,75.9
10314,16.5,15.3
14225,35.2,44.6
14527,29.7,36.6
95128,33,45.2
14625,12.4,17.7
80230,28.7,48.8
14467,29.3,35.8
12078,43.6,52.8
11779,40.6,45.3
80209,29.5,50.4
11702,21.2,27.4
75054,8.6,14.8
78221,55.2,79.3
98620,33.6,45.9
95126,32.5,45.3
12125,33,38.8
78634,19.2,23.4
12481,23.7,26.7
79930,49,54.8
98101,45.1,81.8
98043,28.5,38.7
98168,41.5,52.4
11370,32.6,29.9
13667,36.5,39.3
98371,26.9,45.3
98408,52.2,87
50036,21.2,25.4
51445,25.9,30
12144,31.3,37.3
76049,15.8,21.1
50212,19.3,21.2
12210,70.7,75.1
13021,37.8,46.8
95127,26.8,38.1
51450,16.8,20.5
13083,25.2,31.2
76636,20.8,25.8
75181,21.4,30.4
98121,37,79.6
50161,12.1,15.4
78250,34.6,67.3
98607,14.3,20.9
13335,22.7,28.2
98660,39.6,59.7
78597,38.8,47.5
14623,31.1,37.8
92131,17.1,21.5
50208,30.4,38.7
11768,16.5,20.9
78109,31.9,34
98632,40.3,53.3
14085,11.4,18.2
20602,36.4,41.9
10573,35.1,42.7
14224,22.3,28.3
75760,25.3,30.5
78623,13.8,21.1
14804,17.8,23.4
77706,49.4,63.6
12448,6.3,12.2
95129,19.2,28.2
13606,21.5,27.6
75482,34.8,39.5
98258,20.5,26.9
12508,33.9,40.1
12469,22.6,28.2
76301,66.3,77.4
50129,24.2,32.2
13838,46.2,53.1
51109,30.8,64.2
52333,8.3,11.6
92127,18.1,23.4
98671,18.6,25.1
92109,36.5,45.9
75154,25.4,30.4
50320,44.1,65
50707,33,38.5
11211,51.5,50.1
98328,18.1,24.8
76084,25.1,28.9
12804,24.4,30.7
50461,18,22.5
11234,29.2,21.9
11369,37,34.2
12463,16.2,23.5
52060,33.4,41.1
10605,18.7,25.5
76449,25.6,32.1
79366,5.8,8.5
75452,30,35.8
13801,32.1,37
92115,46.6,53.4
12487,31.4,38.2
98640,26.5,34.5
11222,42.4,41
51553,5.9,9.6
14201,77.5,79.7
12491,30.3,35.2
11355,39.6,38.2
12149,35,40.7
11776,36.6,40.7
75462,24.1,32.6
78336,41.5,54.6
20612,38.6,44.3
50634,22.1,25.9
52777,21.7,25.2
11221,65.5,62
98443,18.1,26.8
75555,17.7,26.2
11721,16,20
98271,22.7,33.4
11219,46.9,43
77423,36.2,39.4
79364,39.2,44.7
75216,70.7,76.4
52069,27,30.6
98576,24.6,30
10530,7.4,18.7
98310,40.4,50.4
11803,24,26.1
50009,20.8,30.4
11101,50.4,51.2
78602,28.9,42.7
77503,47.4,53.8
77018,50.7,63.6
98201,47.5,63
77054,62.1,73.5
13456,17.8,23
52761,35.6,38
50530,23.9,27.7
10471,46.4,30.9
10930,6.8,21
98108,46,80.9
50851,28.2,32.3
52402,18.6,50
14212,78.2,80.3
51351,24,27.8
98642,11,16.3
13833,21.9,26.8
75081,25.7,34.4
92124,22.1,29.3
52076,24.4,28.3
51035,15.5,19.1
51012,32.6,35.3
50595,26.5,31.4
15207,49,55.9
75980,38.4,44.6
14301,68.6,74.6
50579,29.2,33.1
52530,19.3,22.7
77044,47.1,58.8
11208,66,62.5
11946,11,23.3
92129,19.5,25.1
14227,27.9,37.7
52302,19.9,25.3
10931,24,28.3
95002,22.7,34.5
75115,35.6,43.4
78261,20.7,37
76058,29.5,32.3
27607,12,40.4
76106,52.9,67.7
13334,14.3,19.6
95139,17.3,24.4
79849,49.6,55
98922,31,43.9
10965,16,21.5
98828,9.5,23.7
13697,28.6,34
75684,38.9,40.6
14226,25,31.4
92103,29.9,39.8
11368,57.4,57.4
98405,57.3,88.1
98107,33.1,78.1
11937,20.7,26.7
51461,26.4,29.6
78633,5.5,10.3
78644,31.9,40
11949,35.3,39.1
51249,27,30.5
52807,32.7,62.7
77396,33.4,40.7
11797,25.5,28
95123,22,32.3
75442,23.4,29.3
79549,31.7,40.2
78628,16.8,22.6
78026,36,37.8
10504,5,4
13027,19.2,25.3
18434,35.9,41.6
76087,11.4,19.3
80218,47.3,64.5
76031,31.7,39.2
78056,22.1,41.5
76050,17.5,23.4
76104,65.6,76.3
75060,23,45.2
16927,24.4,28.1
22310,15.8,22.3
78738,12.1,20.7
52301,25.4,27.5
98503,34.3,44.7
18634,39.5,47.2
51552,9.3,13
12148,11.3,16.7
51575,6,9.7
13820,31.6,38.5
98373,31.1,41.4
98122,42.9,80.9
50261,9.3,12.7
76365,32.4,39.1
95008,25.5,37.3
98390,36.8,52.5
10990,16.3,20.4
75604,44,52.7
75248,35.2,49.4
14534,6,10.8
77033,75.7,81.3
10512,15.5,20
98119,28.7,76.7
75056,23.5,29.2
13460,30,36.2
95130,20.8,30.5
98312,31.9,41.6
12404,28.5,35
98014,11.7,19.9
77036,75.8,81.3
98682,20.2,43.1
51106,17.6,54.6
98403,51.4,87.2
98144,42.6,80.4
98053,5.6,12.9
12019,11.3,16.8
95116,47.2,56.1
78747,22.8,49.8
76123,22.5,43
52247,22,25.1
50265,23.1,31.3
80212,33,53
78573,46.9,52.1
12304,43.2,47.7
14622,27,34.6
51652,27.6,31.5
14618,16.2,24.2
98840,38.7,47.2
98664,26.7,50.8
50219,13.7,19.9
52768,20.5,23.3
12455,32.8,39.4
13212,29.9,33.9
77583,25.8,30.8
13082,24.5,30
13143,21.5,27.2
12193,11.6,16.9
92101,44.2,52.7
10522,16.5,22.6
13158,28.1,33.6
78572,38.9,47
77338,42.5,57.3
10035,65.1,68
98102,38.3,79.8
12580,22.4,27
15071,20.4,27.9
78057,43.1,48.5
28762,36.4,45.6
12586,27.6,31.8
12866,23.5,30.9
11590,20.6,26.7
12887,31.5,37.7
98844,32,46.6
92037,20.6,27
12953,43.4,50.1
13207,57.9,66.7
51577,15.5,19.8
78666,46.8,56.6
99350,30.5,36.9
12564,21.8,27.9
78218,55.9,80.2
98087,32,43.4
98230,23.5,32.9
75020,34.3,42
50522,20.5,23.1
16102,26.8,30.1
80227,36,69.3
11545,25.3,27.7
98837,37,51.8
79765,24.5,28.8
12065,19.3,25.4
21015,15.2,21
76012,35.9,53.5
16156,16.2,20.1
11559,23.8,28.3
98593,28.9,38.1
10010,33.5,43
50321,43.7,65.1
77356,16.9,23.4
11756,14.4,18.5
50022,28.9,35.1
14424,29.6,36.6
13676,28.4,34.9
12188,27.1,32.1
50047,17.2,20.5
14626,27.2,35.6
78504,28.6,38.7
14207,78.4,80.5
98021,10.4,19.4
11361,21.2,17.2
80223,49.8,64.3
78641,15.6,21.1
26415,32.6,35.1
10021,26.1,33.2
98569,28.1,36.8
78242,58.9,80.7
95111,33.9,44.1
12801,42.3,49.9
10607,7.3,17.9
50151,14.6,17.5
12957,37.5,42.2
75041,42.2,50.9
98226,29.6,43.8
14210,75.9,78.5
10583,3.5,8.4
50144,30.6,34.2
18947,10.9,14.4
14815,26,31.2
51534,24.3,26.5
98685,15.4,24.1
99344,42.3,50.3
78645,17.4,22
11377,39.3,38.6
77831,28.1,33
10603,7,23.2
75007,20.4,27.9
75563,34.5,37.6
11742,14.8,20.5
50616,31.6,37.9
12306,29,38.6
50314,66.6,78.5
10977,39.1,43.6
78232,33.4,66.7
13733,27.7,33.6
11560,31.9,35.6
78363,43.8,51.9
95032,16.4,24.1
52157,31.1,34.7
12815,21,26.6
50667,11.7,14.4
92122,24.3,34.6
11228,29.5,22.6
50213,27.6,34.4
13110,17.6,22.4
78660,21.1,27.1
14733,32.5,38.8
31811,19.9,24.4
20019,77.8,81.2
76048,32.1,48
12553,23.4,30.6
98075,5,5.7
10923,26.2,30.9
75088,16.2,20.7
98376,26.7,35.8
11932,25.9,32.4
95124,19.3,27.7
12550,52.2,50.8
14590,34.3,40.2
10579,7.9,13.1
10589,10.1,15.1
75203,70.1,76
78723,46.8,68.5
98362,35.8,46.6
75232,65.7,72.3
12186,11.1,16.3
14418,19.7,25.5
77539,29.8,37
13668,26.4,32.2
50248,21.6,27.8
77057,60.8,71.9
77340,39.9,46.7
14808,28.5,30.6
98513,21.2,30.8
14741,28.2,33.5
76107,37.8,59.7
13088,29.5,36.8
10473,71.8,63.4
98584,36,53.9
76179,21.6,41
10305,15.7,14.6
77802,34.9,42.8
77418,21.3,27.7
77563,33.9,40.5
10024,27.4,34.8
52325,9.4,11.9
12069,54.4,59.1
80247,51.2,66.4
11901,35.3,43.6
77373,26.3,33.7
98279,9.1,26.6
14611,72.7,78.2
78108,12.9,18.3
95148,19.6,27.8
80222,37.8,56.9
24607,17.2,28.6
10710,19.1,17.2
11766,30.7,33.4
77072,66.4,74.7
13084,27.6,33.6
10701,56.7,57.6
50249,15.8,19.6
14564,8.6,14.1
24374,9.1,24.5
99114,26.6,36
12817,18.9,25.6
11753,23.7,25.9
77535,29.5,36.4
13069,37,47.4
75758,24.8,30.5
75039,10.4,41.1
92011,18.9,25.6
13827,25.8,31.8
98251,20.8,26.5
33470,20.5,26.1
78746,18.3,39.4
78669,7,12.4
92082,21.5,26.6
98337,51.3,62
51039,20.1,23.9
12020,21.2,27.5
18976,12.9,17.9
98826,25.6,33.9
50266,24.4,33.2
77025,51.2,65
77401,3.5,10.2
78228,56.6,79.8
50514,23,26.6
11230,44.3,41
98612,27,34.2
98177,16.5,25.7
14609,65.5,72.6
78203,69.4,85
76240,32.7,42.7
11432,35.7,34.3
99352,21.2,29
14865,38.8,45
92027,35.5,41.1
98264,17.9,24
78411,48.6,65
10039,65.5,68.3
10987,14.9,18
50105,13.4,17
13614,27.9,32.8
12589,21.8,25.3
51354,19.7,23
92173,60.1,64.2
76437,32.9,40.2
98004,21.1,33.5
95121,22.8,32.9
51240,14.3,17.9
11741,16,21.5
10803,14.4,20.3
14305,60.7,66.6
77803,55.8,61.7
50006,24.5,28.4
12516,25.8,30.4
13815,38.8,49
77701,73.8,79.8
10308,15.2,14.1
79928,28.2,32.4
80224,35.3,54.9
51535,25.1,28.2
12528,27.3,32.8
14516,22.2,27.1
95113,24.3,39.9
78225,63.9,82.4
12845,23.6,30.1
98221,20.6,31.3
75763,29.4,36.2
11730,38,42.8
98937,15.5,24.1
77056,43.9,57.6
12066,19.2,24.2
11714,27.7,30.3
98028,15.7,22
98361,38.6,48.3
10532,11.6,16.9
51537,23.1,24.8
76013,36.3,54.5
13778,23.7,29.6
98110,12,17.8
99037,23,38.4
98208,26.6,41.2
50317,46.7,66.3
77005,6.7,12.4
10019,39.9,48.9
78520,49.4,58.1
78676,15.7,21.1
20620,15.7,28.1
10458,70.6,61.8
99202,51.1,95.2
11933,21.8,29.8
10128,28.5,38.1
12118,25.1,31.2
50125,25.3,29
77062,40.6,50.6
98198,36.8,46.4
52659,25,28.6
11713,56.2,61
76905,28.5,39.1
79912,26.9,36.1
50309,67.4,78.7
10570,9.4,15.1
11218,41,36.9
12120,21.4,26.6
79606,27.4,56.3
14304,38.4,44.4
77043,54.5,66.4
10032,63.7,66.7
32567,32.8,39.5
78212,55,79.8
11954,18.3,25.1
99205,39.6,95.2
76054,11.4,22.8
50010,24,32.2
11104,37,37.8
78704,42.5,66.9
75211,59.1,67.3
77024,38.4,48.9
17520,9.5,14.1
92108,33.8,43.6
21050,10.8,15.9
80123,25.9,42.7
50644,22.2,27.8
10707,24.7,31.2
77864,36.9,41
99201,63.6,95.1
50313,44.7,65.1
14722,5,9.7
10033,64,67
75028,8.8,13.4
17517,18.2,22.6
77095,40.7,51.1
75667,22.9,35.2
92119,20.9,26.9
12967,29.3,33.1
98406,40.4,84.6
10541,10.3,14.4
12309,12.6,19.1
75783,29.2,34.5
13850,18.2,25.5
77630,41.7,46.1
52306,23,26.2
13681,28.6,32.6
16112,20.5,23.5
98262,14.1,43.4
78953,15.9,28.7
78744,53.4,71.6
12477,29.7,35.6
80203,50.2,67.3
77590,47.7,55.5
99337,18.9,26.7
79706,23.3,29.9
12180,46.8,54.4
77088,64.8,73.2
98597,29,43.3
12821,60.3,66.5
52057,21.2,27.5
98031,28.9,42.8
11757,23.6,30.5
50501,39.3,48.5
98674,26.9,38.1
14059,10.7,16
12168,21.8,26.8
95118,22.2,32.4
12563,21.1,26.7
12072,32.5,37
12041,5.3,9.9
11552,26.9,31.7
51401,24.2,30.4
11735,30.7,34.1
11021,20.3,26.7
14048,42.6,49
11213,65.3,61.8
11598,20.5,24
50702,36.5,41.6
52404,23.8,56.2
99354,28.4,36.3
75104,29.3,38.8
11572,11.6,16.7
14411,39.1,45.8
77339,43.4,55.2
50071,19.8,23.4
11421,30.7,27.2
11207,65.4,61.9
14171,21.8,26.7
77022,73.7,79.7
79851,54.4,60.4
50021,20.2,25.9
98115,27.9,66.9
11020,17.6,22.5
10461,58,47
80246,49.2,66.3
14559,17.6,22.8
11223,43.6,39.5
92007,24.6,31.1
52722,16.1,21.7
11357,19.2,15.4
78404,54.5,69.1
95110,43.6,53.3
11791,24.1,26.1
95119,20.5,29.5
98282,14.4,22.6
98027,15.6,26.3
14032,7,12
13041,15,18.5
77051,75.1,80.8
77087,70,77
12827,20.4,26.5
98116,27.9,67.5
10470,58.3,47.1
98563,29.2,35.3
10451,71.6,63.2
98374,22.7,32.4
98252,19.8,28.9
11224,63.8,62
10034,64.9,67.7
76116,46.4,65.4
11378,26.1,23.3
92116,39.2,47.8
50542,20.5,23.9
98382,25.5,39.2
12775,12,28.9
14217,27.9,35
76487,20,33.3
75850,39.8,46.1
10940,36.3,42.8
12498,20.1,25.6
50126,19.7,28.6
14606,46.7,55.9
50131,15.6,20.9
13407,32.9,39.6
12771,32.2,40.1
99016,21.5,36
77004,64.8,74.5
78207,70.1,85.3
10013,36.4,44.7
98126,34.2,77.8
10023,26.9,33.3
76052,17.9,32.5
13057,27.4,37.4
